35438,CA-2013-136287,14-06-2013,18-06-2013,Standard Class,SS-20590,Sonia Sunley,Consumer,Wichita,Kansas,United States
35542,CA-2014-117702,29-11-2014,05-12-2014,Standard Class,LS-16975,Lindsay Shagiari,Home Office,Baltimore,Maryland,United States
35732,CA-2013-163398,04-05-2013,09-05-2013,Standard Class,CB-12415,Christy Brittain,Consumer,Chicago,Illinois,United States
36450,US-2011-121566,30-06-2011,06-07-2011,Standard Class,CS-11860,Cari Schnelling,Consumer,New York City,New York,United States
36875,CA-2014-137498,10-09-2014,15-09-2014,Second Class,LC-17050,Liz Carlisle,Consumer,Los Angeles,California,United States
37078,CA-2012-155586,12-12-2012,16-12-2012,Second Class,XP-21865,Xylona Preis,Consumer,Chico,California,United States
38883,CA-2011-163223,21-03-2011,25-03-2011,Standard Class,KH-16690,Kristen Hastings,Corporate,Springfield,Virginia,United States
39248,CA-2012-145814,19-11-2012,24-11-2012,Standard Class,KD-16345,Katherine Ducich,Consumer,New York City,New York,United States
40331,CA-2012-148873,01-10-2012,05-10-2012,Standard Class,EM-13960,Eric Murdock,Consumer,Quincy,Illinois,United States
40774,CA-2012-100818,31-05-2012,05-06-2012,Second Class,JM-15265,Janet Molinari,Corporate,Chicago,Illinois,United States
40961,US-2012-120957,07-12-2012,07-12-2012,Same Day,KH-16690,Kristen Hastings,Corporate,Riverside,California,United States
41129,CA-2011-133963,18-05-2011,22-05-2011,Second Class,GA-14515,George Ashbrook,Consumer,Dallas,Texas,United States
42310,TU-2013-9240,22-06-2013,29-06-2013,Standard Class,KM-6720,Kunst Miller,Consumer,Afyon,Afyonkarahisar,Turkey
43160,TU-2011-5090,29-09-2011,01-10-2011,Second Class,JG-5805,John Grady,Corporate,Menemen,Izmir,Turkey
43563,NI-2013-9510,31-08-2013,04-09-2013,Standard Class,KB-6315,Karl Braun,Consumer,Kano,Kano,Nigeria
43758,NI-2012-4860,19-05-2012,24-05-2012,Second Class,AJ-780,Anthony Jacobs,Corporate,Lagos,Lagos,Nigeria
44046,NI-2014-5760,02-09-2014,06-09-2014,Second Class,PB-8805,Patrick Bzostek,Home Office,Ugep,Cross River,Nigeria
44144,ZI-2014-3820,29-08-2014,04-09-2014,Standard Class,LO-7170,Lori Olson,Corporate,Bulawayo,Bulawayo,Zimbabwe
45218,NI-2012-200,25-05-2012,30-05-2012,Standard Class,DJ-3420,Denny Joy,Corporate,Aba,Abia,Nigeria
47257,MO-2011-110,07-10-2011,11-10-2011,Standard Class,AS-90,Adam Shillingsburg,Consumer,Sale,Rabat-Salé-Zemmour-Zaer,Morocco
47828,NI-2013-3460,02-09-2013,06-09-2013,Second Class,CD-2280,Christina DeMoss,Consumer,Mubi,Adamawa,Nigeria
48854,NI-2012-6350,08-12-2012,09-12-2012,First Class,DG-3300,Deirdre Greer,Corporate,Lagos,Lagos,Nigeria
49649,NI-2014-9710,11-10-2014,15-10-2014,Standard Class,MG-7680,Maureen Gastineau,Home Office,Lagos,Lagos,Nigeria
6852,MX-2014-114783,31-12-2014,06-01-2015,Standard Class,TD-20995,Tamara Dahlen,Consumer,Juárez,Chihuahua,Mexico
7526,US-2013-102596,01-08-2013,07-08-2013,Standard Class,TZ-21445,Tom Zandusky,Corporate,Carrefour,Ouest,Haiti
455,MX-2011-157084,21-10-2011,24-10-2011,First Class,KD-16495,Keith Dawkins,Corporate,Azcapotzalco,Distrito Federal,Mexico
7062,MX-2014-157637,09-09-2014,12-09-2014,First Class,PK-18910,Paul Knutson,Home Office,Managua,Managua,Nicaragua
5870,US-2014-109099,30-05-2014,03-06-2014,Second Class,JL-15175,James Lanier,Home Office,Corrientes,Corrientes,Argentina
9893,MX-2012-119494,19-11-2012,25-11-2012,Standard Class,HL-15040,Hunter Lopez,Consumer,Villa Nueva,Guatemala,Guatemala
12611,ES-2013-1188032,20-08-2013,26-08-2013,Standard Class,TS-21160,Theresa Swint,Corporate,La Ciotat,Provence-Alpes-Côte d'Azur,France
15561,ES-2014-1879715,29-06-2014,03-07-2014,Standard Class,JA-15970,Joseph Airdo,Consumer,Wolverhampton,England,United Kingdom
20046,ES-2013-3575875,25-07-2013,30-07-2013,Standard Class,PS-19045,Penelope Sewall,Home Office,Lyon,Rhône-Alpes,France
24609,IN-2014-68750,22-09-2014,25-09-2014,Second Class,BP-11290,Beth Paige,Consumer,Singapore,Singapore,Singapore
26011,IN-2013-30467,28-03-2013,01-04-2013,Standard Class,PF-19165,Philip Fox,Consumer,Takamatsu,Ishikawa,Japan
31398,CA-2013-158568,30-08-2013,03-09-2013,Standard Class,RB-19465,Rick Bensley,Home Office,Chicago,Illinois,United States
32527,CA-2014-100013,07-11-2014,12-11-2014,Standard Class,ZC-21910,Zuschuss Carroll,Consumer,Los Angeles,California,United States
33983,CA-2013-133123,07-09-2013,12-09-2013,Standard Class,KB-16315,Karl Braun,Consumer,Thomasville,North Carolina,United States
34058,CA-2014-126536,13-10-2014,15-10-2014,First Class,NK-18490,Neil Knudson,Home Office,San Francisco,California,United States
34254,CA-2014-168900,05-05-2014,10-05-2014,Standard Class,SH-20395,Shahid Hopkins,Consumer,Springfield,Ohio,United States
34886,CA-2014-146535,25-11-2014,01-12-2014,Standard Class,FM-14290,Frank Merwin,Home Office,Richmond,Kentucky,United States
34922,CA-2014-113530,20-05-2014,22-05-2014,Second Class,BC-11125,Becky Castell,Home Office,San Francisco,California,United States
34984,CA-2013-108567,21-05-2013,25-05-2013,Standard Class,DB-13210,Dean Braden,Consumer,Port Saint Lucie,Florida,United States
35484,CA-2014-112536,19-05-2014,24-05-2014,Standard Class,SG-20890,Susan Gilcrest,Corporate,Mcallen,Texas,United States
36067,US-2013-114888,20-09-2013,25-09-2013,Second Class,CC-12430,Chuck Clark,Home Office,San Francisco,California,United States
36210,CA-2014-127306,15-01-2014,19-01-2014,Standard Class,BH-11710,Brosina Hoffman,Consumer,Johnson City,Tennessee,United States
36327,CA-2014-139304,30-01-2014,03-02-2014,Standard Class,VG-21790,Vivek Gonzalez,Consumer,San Francisco,California,United States
38048,CA-2013-154767,29-06-2013,01-07-2013,Second Class,BP-11155,Becky Pak,Consumer,Paterson,New Jersey,United States
39074,CA-2011-166961,27-12-2011,31-12-2011,Standard Class,CD-12790,Cynthia Delaney,Home Office,Moreno Valley,California,United States
40348,CA-2011-141838,26-03-2011,31-03-2011,Second Class,DK-12835,Damala Kotsonis,Corporate,San Francisco,California,United States
41626,NI-2013-5990,04-06-2013,09-06-2013,Standard Class,EK-3795,Eileen Kiefer,Home Office,Port Harcourt,Rivers,Nigeria
42230,SF-2011-2090,04-02-2011,09-02-2011,Second Class,TS-11430,Tom Stivers,Corporate,Johannesburg,Gauteng,South Africa
42242,EG-2014-7660,24-11-2014,28-11-2014,Second Class,AP-720,Anne Pryor,Home Office,Alexandria,Al Iskandariyah,Egypt
42328,ZI-2014-7160,30-10-2014,01-11-2014,First Class,EH-4125,Eugene Hildebrand,Home Office,Chitungwiza,Harare,Zimbabwe
42496,TU-2011-4150,21-11-2011,21-11-2011,Same Day,LR-6915,Lena Radford,Consumer,Turgutlu,Manisa,Turkey
43285,UP-2011-7960,04-07-2011,11-07-2011,Standard Class,SV-10785,Stewart Visinsky,Consumer,Dnipropetrovs'k,Dnipropetrovs'k,Ukraine
43312,CG-2014-5880,03-06-2014,10-06-2014,Standard Class,AJ-780,Anthony Jacobs,Corporate,Kinshasa,Kinshasa,Democratic Republic of the Congo
43860,TU-2011-4000,18-08-2011,24-08-2011,Standard Class,YS-11880,Yana Sorensen,Corporate,Erzurum,Erzurum,Turkey
45921,TU-2014-6470,26-12-2014,28-12-2014,Second Class,JG-5115,Jack Garza,Consumer,Ankara,Ankara,Turkey
47285,UP-2014-8330,24-07-2014,29-07-2014,Standard Class,XP-11865,Xylona Preis,Consumer,Kirovohrad,Kirovohrad,Ukraine
48429,TU-2012-7270,01-03-2012,05-03-2012,Standard Class,RM-9750,Roland Murray,Consumer,Istanbul,Istanbul,Turkey
48946,BU-2013-9100,20-07-2013,27-07-2013,Standard Class,TT-11220,Thomas Thornton,Consumer,Sliven,Sliven,Bulgaria
7231,MX-2012-150616,14-05-2012,17-05-2012,First Class,RS-19765,Roland Schwarz,Corporate,Chinandega,Chinandega,Nicaragua
5978,US-2013-159660,18-04-2013,22-04-2013,Standard Class,NF-18475,Neil Französisch,Home Office,Tegucigalpa,Francisco Morazán,Honduras
3241,US-2013-108049,26-11-2013,30-11-2013,Second Class,PO-19180,Philisse Overcash,Home Office,Tegucigalpa,Francisco Morazán,Honduras
9196,US-2014-105473,19-03-2014,23-03-2014,Standard Class,VP-21760,Victoria Pisteka,Corporate,Milpa Alta,Distrito Federal,Mexico
11021,ES-2013-4933394,28-11-2013,03-12-2013,Standard Class,PO-18865,Patrick O'Donnell,Consumer,Osny,Ile-de-France,France
13677,ES-2011-2075610,18-08-2011,22-08-2011,Standard Class,LM-17065,Liz MacKendrick,Consumer,Munich,Bavaria,Germany
15314,IT-2012-2013268,29-06-2012,04-07-2012,Standard Class,MV-18190,Mike Vittorini,Consumer,Solna,Stockholm,Sweden
16897,ES-2014-4359397,07-08-2014,10-08-2014,First Class,TM-21490,Tony Molinari,Consumer,Harrow,England,United Kingdom
23443,IN-2014-47946,17-06-2014,19-06-2014,First Class,JK-15625,Jim Karlsson,Consumer,Bokaro,Jharkhand,India
26639,IN-2014-18889,19-12-2014,24-12-2014,Second Class,GK-14620,Grace Kelly,Corporate,Bangkok,Bangkok,Thailand
27223,IN-2014-13478,26-07-2014,30-07-2014,Second Class,BM-11575,Brendan Murry,Corporate,Bacolod City,Western Visayas,Philippines
31743,CA-2014-154214,21-03-2014,26-03-2014,Second Class,TB-21595,Troy Blackwell,Consumer,Columbus,Indiana,United States
31959,CA-2012-146563,24-08-2012,28-08-2012,Standard Class,CB-12025,Cassandra Brandow,Consumer,Arlington,Texas,United States
32303,CA-2012-105312,06-11-2012,09-11-2012,First Class,MT-17815,Meg Tillman,Consumer,Scottsdale,Arizona,United States
32510,US-2014-118087,10-09-2014,14-09-2014,Standard Class,SP-20620,Stefania Perrino,Corporate,Philadelphia,Pennsylvania,United States
32548,CA-2014-115602,19-12-2014,25-12-2014,Standard Class,DJ-13630,Doug Jacobs,Consumer,New York City,New York,United States
33098,CA-2013-149461,14-11-2013,20-11-2013,Standard Class,AS-10135,Adrian Shami,Home Office,Auburn,Washington,United States
33762,CA-2014-148691,04-12-2014,10-12-2014,Standard Class,CS-12460,Chuck Sachs,Consumer,New York City,New York,United States
33926,US-2014-165344,14-11-2014,16-11-2014,First Class,SB-20290,Sean Braxton,Corporate,Springfield,Ohio,United States
34123,US-2011-112914,25-09-2011,30-09-2011,Standard Class,MT-18070,Michelle Tran,Home Office,Houston,Texas,United States
35066,CA-2011-153913,16-12-2011,20-12-2011,Second Class,KB-16585,Ken Black,Corporate,Hialeah,Florida,United States
35078,CA-2012-135314,09-07-2012,14-07-2012,Second Class,MC-17575,Matt Collins,Consumer,Philadelphia,Pennsylvania,United States
35181,CA-2011-152849,05-07-2011,12-07-2011,Standard Class,DW-13195,David Wiener,Corporate,Knoxville,Tennessee,United States
35582,CA-2012-105690,21-11-2012,26-11-2012,Second Class,CA-11965,Carol Adams,Corporate,Port Arthur,Texas,United States
36032,CA-2012-155054,13-06-2012,19-06-2012,Standard Class,PS-19045,Penelope Sewall,Home Office,Lewiston,Maine,United States
37673,CA-2013-163216,08-10-2013,11-10-2013,First Class,AW-10930,Arthur Wiediger,Home Office,Philadelphia,Pennsylvania,United States
37842,US-2014-154872,15-05-2014,19-05-2014,Standard Class,DP-13000,Darren Powers,Consumer,Cleveland,Ohio,United States
38380,CA-2014-118724,22-07-2014,26-07-2014,Second Class,AR-10825,Anthony Rawles,Corporate,Concord,California,United States
38405,CA-2013-109666,20-04-2013,27-04-2013,Standard Class,KM-16720,Kunst Miller,Consumer,New York City,New York,United States
38767,CA-2012-100734,15-09-2012,20-09-2012,Standard Class,AC-10615,Ann Chong,Corporate,Philadelphia,Pennsylvania,United States
39017,CA-2012-108588,05-01-2012,10-01-2012,Standard Class,BG-11695,Brooke Gillingham,Corporate,New York City,New York,United States
39243,CA-2014-134194,26-12-2014,02-01-2015,Standard Class,GA-14725,Guy Armstrong,Consumer,Dallas,Texas,United States
39480,CA-2014-155642,19-05-2014,23-05-2014,Standard Class,BM-11575,Brendan Murry,Corporate,Chicago,Illinois,United States
39611,CA-2011-161508,12-07-2011,16-07-2011,Standard Class,PV-18985,Paul Van Hugh,Home Office,League City,Texas,United States
40460,CA-2012-164007,08-06-2012,12-06-2012,Standard Class,MG-17695,Maureen Gnade,Consumer,Chicago,Illinois,United States
40545,CA-2013-127761,11-11-2013,15-11-2013,Standard Class,SW-20275,Scott Williamson,Consumer,New York City,New York,United States
41156,CA-2014-113278,15-01-2014,21-01-2014,Standard Class,HR-14770,Hallie Redmond,Home Office,Richmond,Indiana,United States
41227,CA-2012-104948,13-11-2012,17-11-2012,Standard Class,KH-16510,Keith Herrera,Consumer,San Bernardino,California,United States
42157,TU-2014-100,22-08-2014,25-08-2014,First Class,BC-1125,Becky Castell,Home Office,Istanbul,Istanbul,Turkey
43200,TU-2013-2240,17-08-2013,22-08-2013,Standard Class,RD-9660,Robert Dilbeck,Home Office,Elazig,Elazig,Turkey
43218,NI-2014-9270,11-02-2014,16-02-2014,Standard Class,CM-2190,Charlotte Melton,Consumer,Ibadan,Oyo,Nigeria
43791,TU-2012-6430,02-03-2012,06-03-2012,Standard Class,DJ-3630,Doug Jacobs,Consumer,Eskisehir,Eskisehir,Turkey
44157,NI-2012-6840,08-06-2012,15-06-2012,Standard Class,IG-5085,Ivan Gibson,Consumer,Calabar,Cross River,Nigeria
45447,NI-2014-6770,17-02-2014,22-02-2014,Standard Class,PB-9210,Phillip Breyer,Corporate,Enugu,Enugu,Nigeria
49933,KZ-2014-9670,10-12-2014,16-12-2014,Standard Class,AH-120,Adrian Hane,Home Office,Pavlodar,Pavlodar,Kazakhstan
4129,MX-2013-137729,03-05-2013,07-05-2013,Standard Class,SC-20380,Shahid Collister,Consumer,Caracas,Distrito Capital,Venezuela
134,US-2014-118752,29-09-2014,04-10-2014,Standard Class,TT-21460,Tonja Turnell,Home Office,Santo Domingo,Santo Domingo,Dominican Republic
4796,US-2012-114524,03-09-2012,07-09-2012,Standard Class,LH-16900,Lena Hernandez,Consumer,Salvador,Bahia,Brazil
4846,US-2014-139920,27-10-2014,01-11-2014,Standard Class,JF-15490,Jeremy Farry,Consumer,Morelia,Michoacán,Mexico
9606,MX-2013-159940,14-06-2013,19-06-2013,Standard Class,CP-12340,Christine Phan,Corporate,São Pedro da Aldeia,Rio de Janeiro,Brazil
325,MX-2011-108077,15-11-2011,22-11-2011,Standard Class,MC-18130,Mike Caudle,Corporate,Orizaba,Veracruz,Mexico
9689,MX-2014-136623,20-12-2014,22-12-2014,Second Class,NF-18595,Nicole Fjeld,Home Office,Santo Domingo,Santo Domingo,Dominican Republic
2041,MX-2013-140186,15-08-2013,15-08-2013,Same Day,DV-13045,Darrin Van Huff,Corporate,Tlalpan,Distrito Federal,Mexico
19654,IT-2014-5470294,11-12-2014,15-12-2014,Second Class,BD-11635,Brian Derr,Consumer,Zaanstad,North Holland,Netherlands
25811,IN-2012-60693,16-08-2012,23-08-2012,Standard Class,MG-17680,Maureen Gastineau,Home Office,Khulna,Khulna,Bangladesh
30863,ID-2012-86229,01-08-2012,03-08-2012,First Class,JO-15280,Jas O'Carroll,Consumer,Gisborne,Gisborne,New Zealand
31392,US-2014-109484,07-11-2014,13-11-2014,Standard Class,RB-19705,Roger Barcio,Home Office,Portland,Oregon,United States
31495,US-2014-124303,07-07-2014,14-07-2014,Standard Class,FH-14365,Fred Hopkins,Corporate,Philadelphia,Pennsylvania,United States
31619,CA-2011-156601,19-09-2011,24-09-2011,Standard Class,FA-14230,Frank Atkinson,Corporate,Long Beach,California,United States
32041,US-2013-146710,28-08-2013,02-09-2013,Standard Class,SS-20875,Sung Shariari,Consumer,Dallas,Texas,United States
32403,US-2013-110156,20-11-2013,25-11-2013,Standard Class,EH-13945,Eric Hoffmann,Consumer,Houston,Texas,United States
32655,CA-2014-160045,27-04-2014,28-04-2014,First Class,LB-16735,Larry Blacks,Consumer,Fort Worth,Texas,United States
33278,CA-2012-119592,14-12-2012,16-12-2012,Second Class,MM-18280,Muhammed MacIntyre,Corporate,Columbus,Georgia,United States
33346,CA-2012-142237,11-07-2012,13-07-2012,First Class,CK-12595,Clytie Kelty,Consumer,Philadelphia,Pennsylvania,United States
33962,CA-2013-164784,02-05-2013,05-05-2013,First Class,HF-14995,Herbert Flentye,Consumer,Memphis,Tennessee,United States
34294,CA-2011-138317,21-06-2011,25-06-2011,Standard Class,NW-18400,Natalie Webber,Consumer,Philadelphia,Pennsylvania,United States
36388,CA-2014-156720,31-12-2014,04-01-2015,Standard Class,JM-15580,Jill Matthias,Consumer,Loveland,Colorado,United States
36776,CA-2011-101770,31-03-2011,04-04-2011,Standard Class,KB-16240,Karen Bern,Corporate,Miami,Florida,United States
36837,US-2014-150595,23-05-2014,27-05-2014,Standard Class,LE-16810,Laurel Elliston,Consumer,Chicago,Illinois,United States
37382,US-2013-132577,23-11-2013,28-11-2013,Standard Class,JE-15475,Jeremy Ellison,Consumer,Houston,Texas,United States
38504,CA-2013-143476,12-09-2013,14-09-2013,First Class,LC-16930,Linda Cazamias,Corporate,Phoenix,Arizona,United States
38596,CA-2011-163468,18-11-2011,21-11-2011,First Class,JK-15730,Joe Kamberova,Consumer,Des Plaines,Illinois,United States
39103,CA-2012-102260,22-09-2012,26-09-2012,Standard Class,SJ-20125,Sanjit Jacobs,Home Office,Franklin,Tennessee,United States
39531,CA-2014-102204,02-05-2014,07-05-2014,Standard Class,CJ-12010,Caroline Jumper,Consumer,Jacksonville,Florida,United States
40182,CA-2011-107398,25-08-2011,30-08-2011,Standard Class,BS-11590,Brendan Sweed,Corporate,Columbus,Ohio,United States
40279,CA-2013-110898,07-03-2013,13-03-2013,Standard Class,LC-16870,Lena Cacioppo,Consumer,Chicago,Illinois,United States
40601,US-2012-163433,18-04-2012,22-04-2012,Second Class,MP-17965,Michael Paige,Corporate,Mcallen,Texas,United States
40608,CA-2014-148642,07-03-2014,13-03-2014,Standard Class,DW-13540,Don Weiss,Consumer,Dallas,Texas,United States
41140,CA-2011-163867,03-06-2011,06-06-2011,First Class,RE-19450,Richard Eichhorn,Consumer,Decatur,Illinois,United States
41338,NI-2014-8030,07-11-2014,13-11-2014,Standard Class,DW-3540,Don Weiss,Consumer,Ibadan,Oyo,Nigeria
41370,NI-2011-5920,06-10-2011,08-10-2011,Second Class,TS-11370,Todd Sumrall,Corporate,Akure,Ondo,Nigeria
41376,NI-2014-9570,10-11-2014,16-11-2014,Standard Class,CM-2235,Chris McAfee,Consumer,Lagos,Lagos,Nigeria
41579,NI-2013-8160,25-02-2013,02-03-2013,Standard Class,BD-1635,Brian Derr,Consumer,Abeokuta,Ogun,Nigeria
42382,NI-2013-9450,14-01-2013,19-01-2013,Standard Class,DL-2925,Daniel Lacy,Consumer,Kano,Kano,Nigeria
44205,TU-2012-180,27-07-2012,31-07-2012,Standard Class,HR-4830,Harold Ryan,Corporate,Izmir,Izmir,Turkey
44255,TZ-2014-3700,11-12-2014,15-12-2014,Standard Class,CM-2115,Chad McGuire,Consumer,Dar es Salaam,Dar Es Salaam,Tanzania
44693,NI-2013-2470,07-11-2013,11-11-2013,Second Class,EB-4110,Eugene Barchas,Consumer,Jos,Plateau,Nigeria
44955,NI-2011-2720,28-04-2011,04-05-2011,Standard Class,KT-6480,Kean Thornton,Consumer,Lagos,Lagos,Nigeria
45294,NI-2014-9060,28-10-2014,03-11-2014,Standard Class,SH-9975,Sally Hughsby,Corporate,Warri,Delta,Nigeria
45700,IR-2013-8790,03-06-2013,10-06-2013,Standard Class,BS-1665,Brian Stugart,Consumer,Yazd,Yazd,Iran
46235,TU-2014-3290,19-11-2014,25-11-2014,Standard Class,CL-2565,Clay Ludtke,Consumer,Istanbul,Istanbul,Turkey
46478,NI-2013-3270,01-04-2013,06-04-2013,Standard Class,MM-8055,Michelle Moray,Consumer,Jos,Plateau,Nigeria
48274,TU-2014-3910,13-05-2014,20-05-2014,Standard Class,PF-9120,Peter Fuller,Consumer,Bursa,Bursa,Turkey
49393,NI-2014-2140,16-12-2014,21-12-2014,Standard Class,MC-7575,Matt Collins,Consumer,Lagos,Lagos,Nigeria
49862,TU-2014-3690,29-09-2014,04-10-2014,Standard Class,EM-4140,Eugene Moren,Home Office,Ankara,Ankara,Turkey
50076,GG-2013-6030,10-01-2013,16-01-2013,Standard Class,NP-8670,Nora Paige,Consumer,Tbilisi,Tbilisi,Georgia
50167,NI-2011-700,06-06-2011,12-06-2011,Standard Class,SN-10560,Skye Norling,Home Office,Lagos,Lagos,Nigeria
50308,TU-2012-1300,02-07-2012,07-07-2012,Standard Class,AR-510,Andrew Roberts,Consumer,Denizli,Denizli,Turkey
50412,RS-2013-4030,12-01-2013,18-01-2013,Standard Class,SM-10005,Sally Matthias,Consumer,Severodvinsk,Arkhangel'sk,Russia
7531,MX-2013-158624,22-07-2013,26-07-2013,Standard Class,JD-16015,Joy Daniels,Consumer,Mixco,Guatemala,Guatemala
9338,US-2012-102008,18-09-2012,22-09-2012,Second Class,MH-18115,Mick Hernandez,Home Office,Panama City,Panama,Panama
10517,ES-2014-2938679,18-06-2014,23-06-2014,Standard Class,CH-12070,Cathy Hwang,Home Office,Mantes-la-Jolie,Ile-de-France,France
12703,IT-2013-1488039,26-12-2013,28-12-2013,Second Class,VD-21670,Valerie Dominguez,Consumer,Bognor Regis,England,United Kingdom
13239,ES-2012-2522806,12-01-2012,17-01-2012,Standard Class,KL-16555,Kelly Lampkin,Corporate,Vienna,Vienna,Austria
14298,ES-2012-5600285,04-09-2012,04-09-2012,Same Day,BD-11620,Brian DeCherney,Consumer,Vienna,Vienna,Austria
20090,ES-2014-3319612,03-07-2014,08-07-2014,Standard Class,RF-19735,Roland Fjeld,Consumer,Leeds,England,United Kingdom
21975,IN-2014-23579,17-02-2014,22-02-2014,Standard Class,TP-21565,Tracy Poddar,Corporate,Bendigo,Victoria,Australia
25890,IN-2011-74441,28-06-2011,02-07-2011,Standard Class,SB-20290,Sean Braxton,Corporate,Ho Chi Minh City,Ho Chí Minh City,Vietnam
25958,IN-2011-27702,29-12-2011,03-01-2012,Standard Class,RB-19645,Robert Barroso,Corporate,Jakarta,Jakarta,Indonesia
27916,IN-2014-19274,28-11-2014,29-11-2014,First Class,DB-13270,Deborah Brumfield,Home Office,Surabaya,Jawa Timur,Indonesia
33417,US-2014-168690,08-01-2014,14-01-2014,Standard Class,TS-21085,Thais Sissman,Consumer,Ormond Beach,Florida,United States
34220,CA-2011-156993,28-06-2011,04-07-2011,Standard Class,RW-19630,Rob Williams,Corporate,Detroit,Michigan,United States
34945,CA-2012-168459,22-11-2012,27-11-2012,Standard Class,MC-17275,Marc Crier,Consumer,Memphis,Tennessee,United States
35132,CA-2011-100363,08-04-2011,15-04-2011,Standard Class,JM-15655,Jim Mitchum,Corporate,Glendale,Arizona,United States
36285,CA-2013-149279,25-04-2013,29-04-2013,Standard Class,CL-12700,Craig Leslie,Home Office,Colorado Springs,Colorado,United States
36852,CA-2014-116113,03-10-2014,07-10-2014,Second Class,JW-15220,Jane Waco,Corporate,Montgomery,Alabama,United States
37562,CA-2011-146731,03-11-2011,08-11-2011,Standard Class,AT-10735,Annie Thurman,Consumer,Nashville,Tennessee,United States
37650,US-2012-109015,06-09-2012,12-09-2012,Standard Class,BS-11590,Brendan Sweed,Corporate,New York City,New York,United States
39876,CA-2013-111605,28-12-2013,03-01-2014,Standard Class,JW-15955,Joni Wasserman,Consumer,Louisville,Kentucky,United States
40276,CA-2012-150413,19-10-2012,24-10-2012,Second Class,CS-11860,Cari Schnelling,Consumer,Dallas,Texas,United States
40278,CA-2013-110898,07-03-2013,13-03-2013,Standard Class,LC-16870,Lena Cacioppo,Consumer,Chicago,Illinois,United States
40626,CA-2012-164497,28-11-2012,30-11-2012,First Class,AJ-10945,Ashley Jarboe,Consumer,San Francisco,California,United States
40652,CA-2012-110324,01-12-2012,05-12-2012,Standard Class,MA-17560,Matt Abelman,Home Office,Jackson,Michigan,United States
42215,EG-2011-3900,08-02-2011,13-02-2011,Standard Class,KW-6570,Kelly Williams,Consumer,Cairo,Al Qahirah,Egypt
42965,KZ-2014-8050,01-08-2014,05-08-2014,Standard Class,KC-6255,Karen Carlisle,Corporate,Taldyqorghan,Almaty,Kazakhstan
45409,TU-2014-4880,20-01-2014,26-01-2014,Standard Class,DK-3150,David Kendrick,Corporate,Osmaniye,Osmaniye,Turkey
46348,KZ-2014-4070,23-06-2014,26-06-2014,First Class,FM-4380,Fred McMath,Consumer,Kokshetau,Aqmola,Kazakhstan
46505,TU-2013-3920,03-07-2013,09-07-2013,Standard Class,BP-1050,Barry Pond,Corporate,Istanbul,Istanbul,Turkey
47327,TU-2011-3880,07-11-2011,12-11-2011,Standard Class,DS-3030,Darrin Sayre,Home Office,Istanbul,Istanbul,Turkey
47469,CG-2014-3470,04-08-2014,09-08-2014,Second Class,GZ-4470,Gary Zandusky,Consumer,Lubumbashi,Katanga,Democratic Republic of the Congo
48003,NI-2014-820,16-10-2014,21-10-2014,Second Class,SM-10320,Sean Miller,Home Office,Calabar,Cross River,Nigeria
49016,IR-2012-4780,30-11-2012,05-12-2012,Standard Class,RD-9930,Russell D'Ascenzo,Consumer,Mashhad,Razavi Khorasan,Iran
50177,ZI-2013-6590,02-02-2013,08-02-2013,Standard Class,LS-6945,Linda Southworth,Corporate,Harare,Harare,Zimbabwe
6064,US-2014-127586,18-06-2014,22-06-2014,Standard Class,TS-21370,Todd Sumrall,Corporate,Tegucigalpa,Francisco Morazán,Honduras
6536,MX-2014-132255,03-09-2014,09-09-2014,Standard Class,JM-15580,Jill Matthias,Consumer,Balneário Camboriú,Santa Catarina,Brazil
1161,US-2014-107664,05-12-2014,11-12-2014,Standard Class,TG-21640,Trudy Glocke,Consumer,La Plata,Provincia de Buenos Aires,Argentina
1423,US-2013-112823,07-01-2013,13-01-2013,Standard Class,DL-12925,Daniel Lacy,Consumer,Lima,Lima (city),Peru
1222,MX-2013-123134,26-11-2013,30-11-2013,Second Class,JJ-15445,Jennifer Jackson,Consumer,Tijuana,Baja California,Mexico
2715,US-2011-102281,04-10-2011,09-10-2011,Standard Class,PO-19195,Phillina Ober,Home Office,Blumenau,Santa Catarina,Brazil
10001,US-2013-164077,27-09-2013,01-10-2013,Standard Class,DP-13000,Darren Powers,Consumer,Araranguá,Santa Catarina,Brazil
20655,IN-2014-18252,09-01-2014,14-01-2014,Standard Class,AS-10225,Alan Schoenberger,Corporate,Xianyang,Shaanxi,China
33844,US-2012-128090,16-08-2012,22-08-2012,Standard Class,JM-15865,John Murray,Consumer,Phoenix,Arizona,United States
34892,CA-2014-148012,10-12-2014,16-12-2014,Standard Class,KM-16225,Kalyca Meade,Corporate,Philadelphia,Pennsylvania,United States
36385,CA-2012-109001,05-03-2012,09-03-2012,Standard Class,KN-16390,Katherine Nockton,Corporate,Philadelphia,Pennsylvania,United States
36449,US-2011-121566,30-06-2011,06-07-2011,Standard Class,CS-11860,Cari Schnelling,Consumer,New York City,New York,United States
36621,CA-2012-119508,04-12-2012,09-12-2012,Standard Class,TZ-21580,Tracy Zic,Consumer,Lakewood,California,United States
36652,CA-2011-113768,13-05-2011,19-05-2011,Standard Class,AH-10030,Aaron Hawkins,Corporate,Los Angeles,California,United States
36970,CA-2014-127922,28-10-2014,04-11-2014,Standard Class,SH-19975,Sally Hughsby,Corporate,Dallas,Texas,United States
38781,CA-2014-135111,29-12-2014,03-01-2015,Standard Class,CS-12400,Christopher Schild,Home Office,Fargo,North Dakota,United States
39088,CA-2013-108364,20-12-2013,25-12-2013,Standard Class,BP-11050,Barry Pond,Corporate,Chicago,Illinois,United States
40388,CA-2012-162950,28-06-2012,03-07-2012,Second Class,DW-13585,Dorothy Wardle,Corporate,Troy,Ohio,United States
40974,CA-2013-144785,19-04-2013,24-04-2013,Standard Class,CS-12490,Cindy Schnelling,Corporate,New York City,New York,United States
40998,CA-2013-105291,31-10-2013,05-11-2013,Standard Class,SP-20920,Susan Pistek,Consumer,San Luis Obispo,California,United States
41099,CA-2012-122973,18-07-2012,20-07-2012,Second Class,PJ-19015,Pauline Johnson,Consumer,New York City,New York,United States
43479,NI-2014-7790,25-03-2014,29-03-2014,Standard Class,MG-8145,Mike Gockenbach,Consumer,Bauchi,Bauchi,Nigeria
43790,TU-2012-6430,02-03-2012,06-03-2012,Standard Class,DJ-3630,Doug Jacobs,Consumer,Eskisehir,Eskisehir,Turkey
44682,SO-2011-1410,16-12-2011,21-12-2011,Standard Class,CS-1860,Cari Schnelling,Consumer,Hargeysa,Woqooyi Galbeed,Somalia
47385,TU-2014-2650,22-04-2014,26-04-2014,Standard Class,AA-375,Allen Armold,Consumer,Bursa,Bursa,Turkey
47403,CA-2012-490,20-11-2012,26-11-2012,Standard Class,JL-5235,Janet Lee,Consumer,Laval,Quebec,Canada
47803,TU-2013-8240,21-01-2013,27-01-2013,Standard Class,JM-6195,Justin MacKendrick,Consumer,Istanbul,Istanbul,Turkey
48532,NI-2013-2460,15-08-2013,22-08-2013,Standard Class,SC-10305,Sean Christensen,Consumer,Kano,Kano,Nigeria
48858,NI-2012-6350,08-12-2012,09-12-2012,First Class,DG-3300,Deirdre Greer,Corporate,Lagos,Lagos,Nigeria
49009,NI-2012-9550,30-01-2012,03-02-2012,Standard Class,BF-975,Barbara Fisher,Corporate,Zaria,Kaduna,Nigeria
50818,CA-2014-7630,17-09-2014,21-09-2014,Standard Class,KT-6465,Kean Takahito,Consumer,Mississauga,Ontario,Canada
10069,US-2012-148782,17-02-2012,22-02-2012,Standard Class,FM-14215,Filia McAdams,Corporate,Bezerros,Pernambuco,Brazil
6595,MX-2013-168739,04-03-2013,04-03-2013,Same Day,EM-14065,Erin Mull,Consumer,Tipitapa,Managua,Nicaragua
11023,ES-2013-2219250,24-09-2013,29-09-2013,Standard Class,AR-10405,Allen Rosenblatt,Corporate,Odense,South Denmark,Denmark
21375,IN-2014-24622,22-10-2014,28-10-2014,Standard Class,MM-17920,Michael Moore,Consumer,Bijapur,Karnataka,India
21388,ID-2014-27163,27-10-2014,31-10-2014,Second Class,DV-13045,Darrin Van Huff,Corporate,Manado,Sulawesi Utara,Indonesia
31800,US-2013-105578,31-05-2013,05-06-2013,Standard Class,MY-17380,Maribeth Yedwab,Corporate,Parker,Colorado,United States
32627,CA-2014-127705,03-06-2014,07-06-2014,Standard Class,AB-10255,Alejandro Ballentine,Home Office,Lorain,Ohio,United States
32936,CA-2013-157266,27-05-2013,02-06-2013,Standard Class,TB-21280,Toby Braunhardt,Consumer,Washington,District of Columbia,United States
33523,CA-2014-130771,30-07-2014,04-08-2014,Standard Class,LA-16780,Laura Armstrong,Corporate,Austin,Texas,United States
34655,CA-2013-139234,07-05-2013,11-05-2013,Standard Class,AF-10870,Art Ferguson,Consumer,Chicago,Illinois,United States
34905,CA-2011-140228,28-04-2011,03-05-2011,Standard Class,GB-14530,George Bell,Corporate,Newark,Ohio,United States
35597,CA-2014-129021,24-08-2014,27-08-2014,Second Class,PO-18850,Patrick O'Brill,Consumer,Tallahassee,Florida,United States
35786,CA-2012-162621,05-09-2012,11-09-2012,Standard Class,CA-12055,Cathy Armstrong,Home Office,Houston,Texas,United States
35982,CA-2013-159912,30-08-2013,04-09-2013,Standard Class,GB-14530,George Bell,Corporate,Philadelphia,Pennsylvania,United States
36496,CA-2013-103982,04-03-2013,09-03-2013,Standard Class,AA-10315,Alex Avila,Consumer,Round Rock,Texas,United States
36501,CA-2012-102015,12-09-2012,18-09-2012,Standard Class,TM-21010,Tamara Manning,Consumer,Auburn,New York,United States
37894,CA-2011-169257,06-06-2011,12-06-2011,Standard Class,SV-20785,Stewart Visinsky,Consumer,Jacksonville,Florida,United States
38286,CA-2014-165099,12-12-2014,14-12-2014,First Class,DK-13375,Dennis Kane,Consumer,Abilene,Texas,United States
38653,CA-2013-114748,10-10-2013,15-10-2013,Standard Class,MZ-17335,Maria Zettner,Home Office,Phoenix,Arizona,United States
39174,CA-2012-148705,12-03-2012,18-03-2012,Standard Class,EB-14170,Evan Bailliet,Consumer,Charlotte,North Carolina,United States
39330,CA-2012-119690,25-06-2012,28-06-2012,First Class,MV-17485,Mark Van Huff,Consumer,Houston,Texas,United States
40019,CA-2013-120824,13-06-2013,17-06-2013,Second Class,AW-10930,Arthur Wiediger,Home Office,Houston,Texas,United States
41111,CA-2013-117583,28-11-2013,01-12-2013,First Class,CB-12025,Cassandra Brandow,Consumer,East Orange,New Jersey,United States
41595,LY-2014-6400,21-05-2014,25-05-2014,Standard Class,MS-7365,Maribeth Schnelling,Consumer,Benghazi,Banghazi,Libya
41770,TU-2013-4970,03-08-2013,08-08-2013,Standard Class,HM-4980,Henry MacAllister,Consumer,Izmir,Izmir,Turkey
42920,NI-2011-7830,02-08-2011,04-08-2011,First Class,BP-1230,Benjamin Patterson,Consumer,Port Harcourt,Rivers,Nigeria
43150,BN-2013-9770,26-08-2013,30-08-2013,Second Class,CY-2745,Craig Yedwab,Corporate,Ouidah,Atlantique,Benin
44079,TU-2013-3330,09-09-2013,13-09-2013,Standard Class,EM-4065,Erin Mull,Consumer,Istanbul,Istanbul,Turkey
47558,TU-2014-9180,20-06-2014,26-06-2014,Standard Class,JE-5745,Joel Eaton,Consumer,Felahiye,Kayseri,Turkey
48232,TU-2012-1730,20-02-2012,24-02-2012,Standard Class,CR-2730,Craig Reiter,Consumer,Van,Van,Turkey
48408,IZ-2013-1740,01-08-2013,04-08-2013,First Class,BD-1320,Bill Donatelli,Consumer,Baghdad,Baghdad,Iraq
49012,NI-2011-2740,05-12-2011,09-12-2011,Standard Class,AA-645,Anna Andreadi,Consumer,Lagos,Lagos,Nigeria
49701,IZ-2013-2550,31-12-2013,02-01-2014,Second Class,DM-3015,Darrin Martin,Consumer,Basra,Al Basrah,Iraq
49963,SA-2011-5640,08-12-2011,13-12-2011,Standard Class,CM-2385,Christopher Martinez,Consumer,Riyadh,Ar Riyad,Saudi Arabia
51046,TU-2011-9480,13-10-2011,18-10-2011,Second Class,AJ-960,Astrea Jones,Consumer,Denizli,Denizli,Turkey
6769,US-2012-110268,18-07-2012,22-07-2012,Standard Class,CD-11980,Carol Darley,Consumer,Choloma,Cortés,Honduras
4377,MX-2013-103583,03-12-2013,08-12-2013,Second Class,RH-19495,Rick Hansen,Consumer,Reynosa,Tamaulipas,Mexico
4982,MX-2011-141964,27-10-2011,29-10-2011,First Class,PM-18940,Paul MacIntyre,Consumer,Las Tunas,Las Tunas,Cuba
661,US-2013-151225,15-04-2013,20-04-2013,Standard Class,GK-14620,Grace Kelly,Corporate,Lima,Lima (city),Peru
31766,US-2013-100419,17-12-2013,21-12-2013,Second Class,CC-12670,Craig Carreira,Consumer,Chicago,Illinois,United States
32904,US-2013-115819,20-04-2013,25-04-2013,Second Class,JO-15280,Jas O'Carroll,Consumer,Los Angeles,California,United States
33724,CA-2013-169922,12-06-2013,18-06-2013,Standard Class,MZ-17515,Mary Zewe,Corporate,Arlington,Texas,United States
34510,CA-2013-132409,27-05-2013,02-06-2013,Standard Class,TH-21235,Tiffany House,Corporate,Philadelphia,Pennsylvania,United States
34566,CA-2011-115980,15-07-2011,19-07-2011,Standard Class,VW-21775,Victoria Wilson,Corporate,Sioux Falls,South Dakota,United States
34882,CA-2012-121650,10-12-2012,16-12-2012,Standard Class,KD-16495,Keith Dawkins,Corporate,Jackson,Michigan,United States
35119,CA-2014-141873,10-10-2014,15-10-2014,Standard Class,HG-14845,Harry Greene,Consumer,New York City,New York,United States
35302,US-2012-168732,10-12-2012,16-12-2012,Standard Class,KM-16660,Khloe Miller,Consumer,Roswell,Georgia,United States
37190,CA-2014-159954,11-09-2014,15-09-2014,Standard Class,SS-20410,Shahid Shariari,Consumer,Atlanta,Georgia,United States
37887,CA-2011-164749,23-03-2011,26-03-2011,First Class,BG-11740,Bruce Geld,Consumer,Delray Beach,Florida,United States
38200,CA-2014-111220,03-09-2014,09-09-2014,Standard Class,JS-15595,Jill Stevenson,Corporate,Chicago,Illinois,United States
39014,CA-2012-149636,06-01-2012,12-01-2012,Standard Class,SP-20620,Stefania Perrino,Corporate,Colorado Springs,Colorado,United States
39504,CA-2012-122266,26-04-2012,30-04-2012,Standard Class,SA-20830,Sue Ann Reed,Consumer,Daytona Beach,Florida,United States
39614,CA-2014-130904,12-04-2014,17-04-2014,Standard Class,HM-14980,Henry MacAllister,Consumer,Burlington,North Carolina,United States
39813,CA-2013-132899,08-04-2013,12-04-2013,Standard Class,SF-20200,Sarah Foster,Consumer,New York City,New York,United States
43130,TU-2014-4210,26-12-2014,30-12-2014,Standard Class,AD-180,Alan Dominguez,Home Office,Elazig,Elazig,Turkey
45201,NI-2012-5810,05-06-2012,09-06-2012,Standard Class,SP-10650,Stephanie Phelps,Corporate,Funtua,Katsina,Nigeria
45239,NI-2014-8000,09-09-2014,15-09-2014,Standard Class,TB-11355,Todd Boyes,Corporate,Lagos,Lagos,Nigeria
46747,SA-2014-6550,13-06-2014,13-06-2014,Same Day,RE-9450,Richard Eichhorn,Consumer,Sakaka,Al Jawf,Saudi Arabia
48114,CM-2014-800,31-10-2014,03-11-2014,Second Class,GM-4440,Gary McGarr,Consumer,Bafoussam,Ouest,Cameroon
3236,US-2013-123078,16-09-2013,20-09-2013,Standard Class,GK-14620,Grace Kelly,Corporate,Tegucigalpa,Francisco Morazán,Honduras
1535,MX-2013-111388,13-06-2013,17-06-2013,Standard Class,DD-13570,Dorothy Dickinson,Consumer,Progreso,Yucatán,Mexico
9123,MX-2014-120159,26-06-2014,28-06-2014,First Class,RK-19300,Ralph Kennedy,Consumer,Serra,Espírito Santo,Brazil
690,MX-2013-107167,30-10-2013,03-11-2013,Standard Class,AW-10840,Anthony Witt,Consumer,Fresnillo de González Echeverría,Zacatecas,Mexico
31522,CA-2012-163055,09-08-2012,16-08-2012,Standard Class,DS-13180,David Smith,Corporate,Detroit,Michigan,United States
32040,US-2013-146710,28-08-2013,02-09-2013,Standard Class,SS-20875,Sung Shariari,Consumer,Dallas,Texas,United States
32362,CA-2012-161263,16-04-2012,21-04-2012,Standard Class,TS-21160,Theresa Swint,Corporate,Toledo,Ohio,United States
33905,CA-2011-127446,25-11-2011,30-11-2011,Standard Class,MC-17590,Matt Collister,Corporate,Arlington,Texas,United States
34131,CA-2014-134649,27-01-2014,01-02-2014,Second Class,CA-11965,Carol Adams,Corporate,Hoover,Alabama,United States
34556,US-2013-162103,14-11-2013,18-11-2013,Standard Class,LB-16795,Laurel Beltran,Home Office,Highland Park,Illinois,United States
35874,US-2011-121734,11-04-2011,16-04-2011,Standard Class,SE-20110,Sanjit Engle,Consumer,Lewiston,Idaho,United States
36168,CA-2014-164042,24-05-2014,28-05-2014,Standard Class,KL-16645,Ken Lonsdale,Consumer,Houston,Texas,United States
38364,CA-2013-114209,22-05-2013,27-05-2013,Standard Class,AS-10285,Alejandro Savely,Corporate,Dallas,Texas,United States
39287,US-2013-117793,24-08-2013,30-08-2013,Standard Class,MA-17560,Matt Abelman,Home Office,Sheboygan,Wisconsin,United States
41882,KZ-2012-4240,01-06-2012,06-06-2012,Standard Class,FG-4260,Frank Gastineau,Home Office,Temirtau,Qaraghandy,Kazakhstan
43358,SF-2014-3610,16-10-2014,20-10-2014,Standard Class,JH-5430,Jennifer Halladay,Consumer,Johannesburg,Gauteng,South Africa
43518,ZI-2014-1780,17-09-2014,19-09-2014,Second Class,AP-720,Anne Pryor,Home Office,Bulawayo,Bulawayo,Zimbabwe
43715,NI-2014-9580,25-11-2014,30-11-2014,Standard Class,DO-3435,Denny Ordway,Consumer,Ibadan,Oyo,Nigeria
43760,NI-2012-4860,19-05-2012,24-05-2012,Second Class,AJ-780,Anthony Jacobs,Corporate,Lagos,Lagos,Nigeria
44680,TU-2014-2760,31-07-2014,03-08-2014,Second Class,BB-1545,Brenda Bowman,Corporate,Izmir,Izmir,Turkey
45002,NI-2011-2370,30-01-2011,04-02-2011,Second Class,DP-3165,David Philippe,Consumer,Kano,Kano,Nigeria
45007,KZ-2011-7910,20-07-2011,20-07-2011,Same Day,MM-8055,Michelle Moray,Consumer,Pavlodar,Pavlodar,Kazakhstan
45768,NI-2011-9840,28-12-2011,02-01-2012,Standard Class,JM-5580,Jill Matthias,Consumer,Lagos,Lagos,Nigeria
47948,UG-2013-250,19-08-2013,24-08-2013,Standard Class,BP-1185,Ben Peterman,Corporate,Kampala,Kampala,Uganda
48629,NI-2011-1650,09-08-2011,15-08-2011,Standard Class,SH-10395,Shahid Hopkins,Consumer,Katsina,Katsina,Nigeria
50629,KG-2012-2770,19-04-2012,25-04-2012,Standard Class,VM-11685,Valerie Mitchum,Home Office,Bishkek,Bishkek,Kyrgyzstan
5040,US-2014-167430,01-09-2014,06-09-2014,Second Class,SS-20410,Shahid Shariari,Consumer,Maracay,Aragua,Venezuela
2721,US-2011-102281,04-10-2011,09-10-2011,Standard Class,PO-19195,Phillina Ober,Home Office,Blumenau,Santa Catarina,Brazil
18271,IT-2014-2273520,04-02-2014,10-02-2014,Standard Class,SS-20875,Sung Shariari,Consumer,Zwolle,Overijssel,Netherlands
20407,IN-2014-13597,03-11-2014,07-11-2014,Standard Class,AC-10450,Amy Cox,Consumer,Chennai,Tamil Nadu,India
22233,IN-2012-64893,15-05-2012,15-05-2012,Same Day,TH-21550,Tracy Hopkins,Home Office,Shuangyashan,Heilongjiang,China
32498,CA-2013-114727,19-07-2013,25-07-2013,Standard Class,LS-16945,Linda Southworth,Corporate,Denver,Colorado,United States
32629,CA-2011-122567,17-02-2011,22-02-2011,Standard Class,MN-17935,Michael Nguyen,Consumer,Dallas,Texas,United States
32912,CA-2012-130022,10-08-2012,16-08-2012,Standard Class,JK-16120,Julie Kriz,Home Office,Eagan,Minnesota,United States
35082,CA-2014-112487,27-12-2014,31-12-2014,Standard Class,TC-21535,Tracy Collins,Home Office,Columbus,Ohio,United States
36254,CA-2012-127607,20-03-2012,26-03-2012,Standard Class,JK-15730,Joe Kamberova,Consumer,Carrollton,Texas,United States
36503,CA-2012-102015,12-09-2012,18-09-2012,Standard Class,TM-21010,Tamara Manning,Consumer,Auburn,New York,United States
37406,CA-2013-150007,12-09-2013,17-09-2013,Standard Class,AS-10090,Adam Shillingsburg,Consumer,Chicago,Illinois,United States
37901,CA-2013-148852,27-05-2013,01-06-2013,Standard Class,SV-20785,Stewart Visinsky,Consumer,Santa Ana,California,United States
38474,CA-2014-133067,05-05-2014,11-05-2014,Standard Class,MY-18295,Muhammed Yedwab,Corporate,Philadelphia,Pennsylvania,United States
38791,US-2014-160836,12-09-2014,17-09-2014,Standard Class,CC-12475,Cindy Chapman,Consumer,Houston,Texas,United States
39740,US-2013-155173,07-03-2013,11-03-2013,Standard Class,JB-16045,Julia Barnett,Home Office,Philadelphia,Pennsylvania,United States
40062,CA-2012-107083,21-11-2012,27-11-2012,Standard Class,BB-11545,Brenda Bowman,Corporate,Fort Worth,Texas,United States
40262,CA-2014-106691,07-11-2014,13-11-2014,Standard Class,CC-12370,Christopher Conant,Consumer,Houston,Texas,United States
40852,CA-2012-111612,28-11-2012,02-12-2012,Standard Class,EB-14110,Eugene Barchas,Consumer,Columbus,Ohio,United States
41749,NI-2013-6720,26-09-2013,02-10-2013,Standard Class,VT-11700,Valerie Takahito,Home Office,Kaduna,Kaduna,Nigeria
44627,TU-2013-2180,27-08-2013,02-09-2013,Standard Class,RR-9525,Rick Reed,Corporate,Yalova,Yalova,Turkey
45499,UZ-2011-1000,12-10-2011,15-10-2011,First Class,RS-9420,Ricardo Sperren,Corporate,Qarshi,Qashqadaryo,Uzbekistan
49307,TU-2014-2880,26-12-2014,02-01-2015,Standard Class,JO-5145,Jack O'Briant,Corporate,Adana,Adana,Turkey
51009,MZ-2011-9060,28-09-2011,04-10-2011,Standard Class,RM-9750,Roland Murray,Consumer,Quelimane,Zambezia,Mozambique
10128,US-2014-140662,29-09-2014,04-10-2014,Standard Class,TT-21460,Tonja Turnell,Home Office,Bom Jesus da Lapa,Bahia,Brazil
9808,US-2013-150259,07-10-2013,11-10-2013,Standard Class,BP-11290,Beth Paige,Consumer,David,Chiriquí,Panama
5758,MX-2014-153934,24-10-2014,24-10-2014,Same Day,AH-10210,Alan Hwang,Consumer,Santo Domingo,Santo Domingo,Dominican Republic
10166,US-2013-125675,22-03-2013,28-03-2013,Standard Class,MO-17500,Mary O'Rourke,Consumer,Bezerros,Pernambuco,Brazil
14511,ES-2013-4561146,12-05-2013,16-05-2013,Standard Class,SC-20845,Sung Chung,Consumer,Solingen,North Rhine-Westphalia,Germany
14811,ES-2014-3877277,23-06-2014,27-06-2014,Standard Class,NP-18670,Nora Paige,Consumer,Dresden,Saxony,Germany
31372,US-2014-118038,10-12-2014,12-12-2014,First Class,KB-16600,Ken Brennan,Corporate,Houston,Texas,United States
31803,CA-2012-145352,16-03-2012,22-03-2012,Standard Class,CM-12385,Christopher Martinez,Consumer,Atlanta,Georgia,United States
32235,CA-2012-148250,13-12-2012,17-12-2012,Standard Class,RP-19270,Rachel Payne,Corporate,Riverside,California,United States
32591,CA-2012-101707,27-08-2012,01-09-2012,Standard Class,PF-19165,Philip Fox,Consumer,San Diego,California,United States
34119,CA-2014-131016,19-09-2014,21-09-2014,First Class,DC-12850,Dan Campbell,Consumer,Arlington,Texas,United States
34590,CA-2011-106264,26-12-2011,30-12-2011,Standard Class,CK-12595,Clytie Kelty,Consumer,San Diego,California,United States
34630,CA-2014-122595,15-12-2014,21-12-2014,Standard Class,GM-14455,Gary Mitchum,Home Office,Chicago,Illinois,United States
35705,CA-2013-100041,21-11-2013,26-11-2013,Standard Class,BF-10975,Barbara Fisher,Corporate,Columbus,Indiana,United States
36008,CA-2011-112403,31-03-2011,31-03-2011,Same Day,JO-15280,Jas O'Carroll,Consumer,Philadelphia,Pennsylvania,United States
36078,CA-2011-159310,07-11-2011,12-11-2011,Standard Class,SC-20725,Steven Cartwright,Consumer,Houston,Texas,United States
37153,CA-2012-112214,05-08-2012,11-08-2012,Standard Class,AH-10690,Anna Häberlin,Corporate,Dallas,Texas,United States
37649,US-2012-161347,13-09-2012,19-09-2012,Standard Class,HG-14845,Harry Greene,Consumer,Philadelphia,Pennsylvania,United States
37865,CA-2011-100678,18-04-2011,22-04-2011,Standard Class,KM-16720,Kunst Miller,Consumer,Houston,Texas,United States
39197,CA-2014-128363,14-08-2014,19-08-2014,Standard Class,DC-12850,Dan Campbell,Consumer,Memphis,Tennessee,United States
39321,CA-2011-129189,21-07-2011,25-07-2011,Standard Class,HM-14860,Harry Marie,Corporate,Dallas,Texas,United States
40000,CA-2012-133494,01-03-2012,05-03-2012,Standard Class,RP-19390,Resi Pölking,Consumer,Philadelphia,Pennsylvania,United States
40423,CA-2012-157028,28-11-2012,03-12-2012,Standard Class,MA-17995,Michelle Arnett,Home Office,Las Cruces,New Mexico,United States
40679,CA-2011-154158,23-12-2011,27-12-2011,Second Class,CC-12670,Craig Carreira,Consumer,Tampa,Florida,United States
41166,CA-2011-114195,01-11-2011,03-11-2011,First Class,EA-14035,Erin Ashbrook,Corporate,Mason,Ohio,United States
41218,CA-2011-111360,24-11-2011,30-11-2011,Standard Class,AT-10435,Alyssa Tate,Home Office,Akron,Ohio,United States
41475,NI-2012-8920,06-06-2012,13-06-2012,Standard Class,MW-8220,Mitch Webber,Consumer,Kano,Kano,Nigeria
43296,PL-2011-5380,07-04-2011,09-04-2011,Second Class,DB-2910,Daniel Byrd,Home Office,Poznan,Greater Poland,Poland
43704,NI-2014-330,31-01-2014,05-02-2014,Standard Class,SF-10065,Sandra Flanagan,Consumer,Lagos,Lagos,Nigeria
43995,GB-2014-40,17-11-2014,23-11-2014,Standard Class,ML-8040,Michelle Lonsdale,Corporate,Libreville,Estuaire,Gabon
44628,TU-2013-2180,27-08-2013,02-09-2013,Standard Class,RR-9525,Rick Reed,Corporate,Yalova,Yalova,Turkey
44984,NI-2012-2330,19-03-2012,23-03-2012,Standard Class,EB-3870,Emily Burns,Consumer,Lagos,Lagos,Nigeria
47297,AE-2013-1130,14-10-2013,14-10-2013,Same Day,EB-4110,Eugene Barchas,Consumer,Ras al Khaymah,Ra's Al Khaymah,United Arab Emirates
48530,NI-2013-2460,15-08-2013,22-08-2013,Standard Class,SC-10305,Sean Christensen,Consumer,Kano,Kano,Nigeria
49735,PL-2013-2260,20-01-2013,24-01-2013,Second Class,SC-10680,Steve Carroll,Home Office,Katowice,Silesia,Poland
50736,TU-2014-8830,30-06-2014,04-07-2014,Standard Class,SC-10770,Stewart Carmichael,Corporate,Corlu,Tekirdag,Turkey
5718,US-2012-119648,21-09-2012,24-09-2012,First Class,KT-16465,Kean Takahito,Consumer,La Ceiba,Atlántida,Honduras
13562,IT-2013-5843979,09-11-2013,16-11-2013,Standard Class,HF-14995,Herbert Flentye,Consumer,Birmingham,England,United Kingdom
18710,ES-2014-1082027,28-02-2014,04-03-2014,Standard Class,IM-15055,Ionia McGrath,Consumer,Colombes,Ile-de-France,France
25350,IN-2011-23712,14-12-2011,17-12-2011,Second Class,SC-20770,Stewart Carmichael,Corporate,Bhiwandi,Maharashtra,India
32409,US-2013-110156,20-11-2013,25-11-2013,Standard Class,EH-13945,Eric Hoffmann,Consumer,Houston,Texas,United States
32881,CA-2012-131338,09-08-2012,12-08-2012,First Class,NP-18325,Naresj Patel,Consumer,New York City,New York,United States
33403,US-2011-152723,26-09-2011,26-09-2011,Same Day,HG-14965,Henry Goldwyn,Corporate,Mesquite,Texas,United States
35413,CA-2012-153416,24-11-2012,29-11-2012,Standard Class,TS-21340,Toby Swindell,Consumer,Los Angeles,California,United States
37065,CA-2012-154900,25-02-2012,01-03-2012,Standard Class,SS-20875,Sung Shariari,Consumer,Leominster,Massachusetts,United States
37468,CA-2013-141523,20-12-2013,25-12-2013,Second Class,MH-17440,Mark Haberlin,Corporate,New York City,New York,United States
38169,CA-2012-162544,16-12-2012,19-12-2012,First Class,SG-20080,Sandra Glassco,Consumer,Seattle,Washington,United States
39344,CA-2014-130834,04-11-2014,07-11-2014,Second Class,JM-16195,Justin MacKendrick,Consumer,Wilmington,North Carolina,United States
41004,CA-2013-161746,22-10-2013,28-10-2013,Standard Class,CS-11950,Carlos Soltero,Consumer,Los Angeles,California,United States
42070,ZI-2014-7610,24-03-2014,28-03-2014,Standard Class,BS-1380,Bill Stewart,Corporate,Bulawayo,Bulawayo,Zimbabwe
46007,ZI-2013-7590,10-07-2013,15-07-2013,Second Class,CK-2325,Christine Kargatis,Home Office,Epworth,Harare,Zimbabwe
46942,IS-2012-8180,02-06-2012,06-06-2012,Standard Class,DV-3045,Darrin Van Huff,Corporate,Tel Aviv,Tel Aviv,Israel
47557,ZI-2013-3330,31-01-2013,05-02-2013,Second Class,ND-8460,Neil Ducich,Corporate,Victoria Falls,Matabeleland North,Zimbabwe
47949,UG-2013-250,19-08-2013,24-08-2013,Standard Class,BP-1185,Ben Peterman,Corporate,Kampala,Kampala,Uganda
47992,SU-2014-3390,02-01-2014,06-01-2014,Standard Class,JM-5250,Janet Martin,Consumer,Bur Sudan,Red Sea,Sudan
48005,NI-2014-4660,18-11-2014,20-11-2014,Second Class,TA-11385,Tom Ashbrook,Home Office,Ibadan,Oyo,Nigeria
48108,NI-2011-6340,27-06-2011,01-07-2011,Standard Class,RH-9510,Rick Huthwaite,Home Office,Lagos,Lagos,Nigeria
49379,TU-2014-8210,23-06-2014,28-06-2014,Standard Class,LC-6960,Lindsay Castell,Home Office,Corlu,Tekirdag,Turkey
51200,TU-2011-3440,14-06-2011,19-06-2011,Standard Class,KH-6690,Kristen Hastings,Corporate,Istanbul,Istanbul,Turkey
438,US-2011-122651,22-06-2011,28-06-2011,Standard Class,CK-12325,Christine Kargatis,Home Office,Buenos Aires,Buenos Aires,Argentina
9696,US-2012-117982,10-11-2012,13-11-2012,First Class,KH-16630,Ken Heidel,Corporate,Tepic,Nayarit,Mexico
23355,ID-2012-69814,02-04-2012,07-04-2012,Second Class,JH-15910,Jonathan Howell,Consumer,Perth,Western Australia,Australia
31684,CA-2012-122756,03-12-2012,07-12-2012,Standard Class,DK-13225,Dean Katz,Corporate,Philadelphia,Pennsylvania,United States
32273,US-2014-100209,10-07-2014,16-07-2014,Standard Class,TD-20995,Tamara Dahlen,Consumer,Portland,Oregon,United States
32788,CA-2014-166436,25-11-2014,29-11-2014,Standard Class,TS-21370,Todd Sumrall,Corporate,New York City,New York,United States
33882,CA-2012-121041,03-11-2012,10-11-2012,Standard Class,CS-12250,Chris Selesnick,Corporate,Haltom City,Texas,United States
34622,CA-2011-165309,11-11-2011,15-11-2011,Standard Class,KD-16270,Karen Daniels,Consumer,Houston,Texas,United States
37351,CA-2013-124016,24-09-2013,27-09-2013,Second Class,JS-15940,Joni Sundaresam,Home Office,Lancaster,Ohio,United States
38482,CA-2014-133102,18-08-2014,25-08-2014,Standard Class,ED-13885,Emily Ducich,Home Office,Houston,Texas,United States
40521,CA-2014-121160,05-11-2014,05-11-2014,Same Day,FM-14290,Frank Merwin,Home Office,Bryan,Texas,United States
40589,CA-2014-124114,03-03-2014,03-03-2014,Same Day,RS-19765,Roland Schwarz,Corporate,Waco,Texas,United States
42076,KZ-2013-9370,13-03-2013,17-03-2013,Standard Class,MS-7530,MaryBeth Skach,Consumer,Astana,Astana,Kazakhstan
44605,RS-2011-3200,13-09-2011,16-09-2011,First Class,HJ-4875,Heather Jas,Home Office,Irkutsk,Irkutsk,Russia
46146,LH-2011-900,14-04-2011,20-04-2011,Standard Class,SW-10275,Scott Williamson,Consumer,Vilnius,Vilnius,Lithuania
46713,NI-2013-3810,06-06-2013,10-06-2013,Standard Class,CM-1830,Cari MacIntyre,Corporate,Akure,Ondo,Nigeria
991,MX-2012-135076,13-09-2012,15-09-2012,Second Class,DK-13375,Dennis Kane,Consumer,León,Guanajuato,Mexico
9285,MX-2013-138576,02-12-2013,04-12-2013,Second Class,MC-17605,Matt Connell,Corporate,Managua,Managua,Nicaragua
19096,ES-2012-3422940,07-08-2012,09-08-2012,First Class,ML-17410,Maris LaWare,Consumer,Lippstadt,North Rhine-Westphalia,Germany
21487,IN-2012-18035,22-03-2012,22-03-2012,Same Day,JW-15220,Jane Waco,Corporate,Canberra,Australian Capital Territory,Australia
33349,CA-2012-142237,11-07-2012,13-07-2012,First Class,CK-12595,Clytie Kelty,Consumer,Philadelphia,Pennsylvania,United States
33555,CA-2014-105214,17-06-2014,20-06-2014,First Class,TS-21610,Troy Staebel,Consumer,San Francisco,California,United States
33868,CA-2014-109778,17-07-2014,22-07-2014,Standard Class,VM-21685,Valerie Mitchum,Home Office,Woodstock,Illinois,United States
33902,CA-2011-112718,16-12-2011,21-12-2011,Standard Class,KN-16450,Kean Nguyen,Corporate,Jacksonville,Florida,United States
35380,US-2014-151316,25-06-2014,01-07-2014,Standard Class,MC-17635,Matthew Clasen,Corporate,Decatur,Illinois,United States
35397,US-2014-102288,20-06-2014,24-06-2014,Standard Class,ZC-21910,Zuschuss Carroll,Consumer,Houston,Texas,United States
36847,US-2011-159618,12-11-2011,16-11-2011,Standard Class,DB-12970,Darren Budd,Corporate,Houston,Texas,United States
37680,US-2014-104661,16-01-2014,19-01-2014,First Class,TB-21250,Tim Brockman,Consumer,Austin,Texas,United States
38308,US-2011-135881,23-05-2011,27-05-2011,Standard Class,GT-14710,Greg Tran,Consumer,New York City,New York,United States
48373,ZI-2014-9550,18-12-2014,23-12-2014,Standard Class,JC-5775,John Castell,Consumer,Bulawayo,Bulawayo,Zimbabwe
1359,MX-2011-152037,13-09-2011,16-09-2011,Second Class,ME-17320,Maria Etezadi,Home Office,Bagé,Rio Grande do Sul,Brazil
21343,IN-2013-26519,30-03-2013,01-04-2013,First Class,DR-12940,Daniel Raglin,Home Office,Sydney,New South Wales,Australia
27442,IN-2013-34366,14-01-2013,18-01-2013,Second Class,DO-13435,Denny Ordway,Consumer,Bangkok,Bangkok,Thailand
30281,IN-2012-40813,07-12-2012,11-12-2012,Second Class,CA-11965,Carol Adams,Corporate,Foshan,Guangdong,China
32284,CA-2012-146829,10-03-2012,10-03-2012,Same Day,TS-21340,Toby Swindell,Consumer,Houston,Texas,United States
33548,CA-2012-116092,15-02-2012,18-02-2012,Second Class,JM-16195,Justin MacKendrick,Consumer,Los Angeles,California,United States
35382,CA-2013-111913,05-08-2013,07-08-2013,Second Class,LC-16930,Linda Cazamias,Corporate,Sacramento,California,United States
36053,CA-2014-169817,22-09-2014,26-09-2014,Standard Class,EB-13870,Emily Burns,Consumer,Philadelphia,Pennsylvania,United States
36230,CA-2012-106978,28-09-2012,04-10-2012,Standard Class,ZC-21910,Zuschuss Carroll,Consumer,Aurora,Colorado,United States
38930,US-2014-158526,30-12-2014,02-01-2015,Second Class,KH-16360,Katherine Hughes,Consumer,Louisville,Kentucky,United States
39955,CA-2013-168361,22-06-2013,26-06-2013,Standard Class,KB-16600,Ken Brennan,Corporate,Chicago,Illinois,United States
41771,TU-2014-7900,13-12-2014,19-12-2014,Standard Class,TB-11520,Tracy Blumstein,Consumer,Cankaya,Ankara,Turkey
42300,NG-2011-6010,19-11-2011,24-11-2011,Second Class,LS-7230,Lycoris Saunders,Consumer,Niamey,Niamey,Niger
42600,CG-2011-2990,05-07-2011,11-07-2011,Standard Class,JK-6120,Julie Kriz,Home Office,Matadi,Bas-Congo,Democratic Republic of the Congo
46811,NI-2014-9730,12-12-2014,16-12-2014,Standard Class,AS-225,Alan Schoenberger,Corporate,Lagos,Lagos,Nigeria
48012,ZI-2014-3570,24-11-2014,30-11-2014,Standard Class,NG-8430,Nathan Gelder,Consumer,Harare,Harare,Zimbabwe
49259,NI-2013-4420,04-10-2013,10-10-2013,Standard Class,MP-7965,Michael Paige,Corporate,Lagos,Lagos,Nigeria
8277,US-2012-122658,23-11-2012,27-11-2012,Standard Class,SV-20935,Susan Vittorini,Consumer,Buenos Aires,Buenos Aires,Argentina
1230,US-2011-123862,06-08-2011,10-08-2011,Standard Class,MH-18115,Mick Hernandez,Home Office,San Pedro Sula,Cortés,Honduras
3569,US-2013-148705,16-12-2013,18-12-2013,Second Class,GK-14620,Grace Kelly,Corporate,La Vega,La Vega,Dominican Republic
13627,ES-2012-2393484,14-01-2012,18-01-2012,Standard Class,AZ-10750,Annie Zypern,Consumer,Wattrelos,Nord-Pas-de-Calais,France
22652,IN-2014-46686,12-11-2014,16-11-2014,Standard Class,EJ-13720,Ed Jacobs,Consumer,Busan,Busan,South Korea
24004,IN-2011-43298,03-11-2011,05-11-2011,Second Class,MV-17485,Mark Van Huff,Consumer,Peshawar,Khyber Pakhtunkhwa,Pakistan
27948,IN-2013-56388,26-07-2013,26-07-2013,Same Day,RE-19450,Richard Eichhorn,Consumer,Brisbane,Queensland,Australia
31783,CA-2014-140963,11-06-2014,14-06-2014,First Class,MT-18070,Michelle Tran,Home Office,Los Angeles,California,United States
33643,CA-2013-159373,14-03-2013,19-03-2013,Standard Class,LT-17110,Liz Thompson,Consumer,San Antonio,Texas,United States
34383,CA-2014-118773,10-02-2014,15-02-2014,Standard Class,TP-21415,Tom Prescott,Consumer,Houston,Texas,United States
34555,US-2013-161844,10-12-2013,15-12-2013,Second Class,DK-12835,Damala Kotsonis,Corporate,Franklin,Tennessee,United States
36171,CA-2014-164042,24-05-2014,28-05-2014,Standard Class,KL-16645,Ken Lonsdale,Consumer,Houston,Texas,United States
36409,CA-2012-153073,13-11-2012,13-11-2012,Same Day,HA-14905,Helen Abelman,Consumer,Chicago,Illinois,United States
41315,EG-2013-3290,26-07-2013,30-07-2013,Standard Class,PM-8940,Paul MacIntyre,Consumer,Alexandria,Al Iskandariyah,Egypt
41863,KZ-2011-1240,19-12-2011,21-12-2011,First Class,LS-7230,Lycoris Saunders,Consumer,Kokshetau,Aqmola,Kazakhstan
42348,NI-2012-9890,09-06-2012,09-06-2012,Same Day,AA-645,Anna Andreadi,Consumer,Onitsha,Anambra,Nigeria
44081,TU-2013-7830,14-06-2013,18-06-2013,Standard Class,LW-6990,Lindsay Williams,Corporate,Kayseri,Kayseri,Turkey
46812,NI-2014-9730,12-12-2014,16-12-2014,Standard Class,AS-225,Alan Schoenberger,Corporate,Lagos,Lagos,Nigeria
48167,NI-2014-6290,18-12-2014,23-12-2014,Standard Class,JR-5700,Jocasta Rupert,Consumer,Warri,Delta,Nigeria
49802,TU-2012-9310,19-11-2012,23-11-2012,Standard Class,CR-2730,Craig Reiter,Consumer,Etimesgut,Ankara,Turkey
8362,MX-2014-113327,22-12-2014,24-12-2014,First Class,BG-11695,Brooke Gillingham,Corporate,Ibirité,Minas Gerais,Brazil
12762,ES-2014-5291112,23-05-2014,25-05-2014,First Class,MM-17920,Michael Moore,Consumer,Southend-on-Sea,England,United Kingdom
23411,ID-2013-70815,19-08-2013,23-08-2013,Standard Class,JF-15355,Jay Fein,Consumer,Seoul,Seoul,South Korea
29192,ID-2014-66174,08-07-2014,13-07-2014,Standard Class,JE-15610,Jim Epp,Corporate,Lahore,Punjab,Pakistan
31608,CA-2013-142902,13-09-2013,15-09-2013,Second Class,BP-11185,Ben Peterman,Corporate,Arvada,Colorado,United States
33367,CA-2013-146521,22-07-2013,24-07-2013,Second Class,CC-12610,Corey Catlett,Corporate,Philadelphia,Pennsylvania,United States
34529,US-2014-156356,17-04-2014,23-04-2014,Standard Class,ND-18370,Natalie DeCherney,Consumer,Houston,Texas,United States
37087,CA-2014-140186,30-09-2014,03-10-2014,First Class,PG-18820,Patrick Gardner,Consumer,Bakersfield,California,United States
38845,CA-2011-103492,10-10-2011,15-10-2011,Standard Class,CM-12715,Craig Molinari,Corporate,Huntsville,Texas,United States
39396,CA-2013-169663,11-03-2013,14-03-2013,First Class,RH-19510,Rick Huthwaite,Home Office,Los Angeles,California,United States
40079,CA-2013-116911,16-09-2013,21-09-2013,Standard Class,JD-16150,Justin Deggeller,Corporate,Twin Falls,Idaho,United States
43851,RS-2014-3790,17-12-2014,20-12-2014,Second Class,DP-3000,Darren Powers,Consumer,Kaluga,Kaluga,Russia
51055,CA-2014-6810,23-12-2014,23-12-2014,Same Day,VM-11835,Vivian Mathis,Consumer,Winnipeg,Manitoba,Canada
6367,MX-2011-131688,22-12-2011,26-12-2011,Standard Class,BP-11230,Benjamin Patterson,Consumer,Toluca,México,Mexico
13800,ES-2014-5679681,05-08-2014,11-08-2014,Standard Class,NM-18520,Neoma Murray,Consumer,Chartres,Centre,France
15975,ES-2011-4021337,10-05-2011,14-05-2011,Standard Class,MM-18055,Michelle Moray,Consumer,Dudley,England,United Kingdom
22589,IN-2014-32000,25-11-2014,30-11-2014,Standard Class,AO-10810,Anthony O'Donnell,Corporate,Perth,Western Australia,Australia
27081,ID-2012-36725,10-08-2012,11-08-2012,First Class,EK-13795,Eileen Kiefer,Home Office,Pasig,National Capital,Philippines
34657,US-2012-142020,04-06-2012,08-06-2012,Second Class,TC-21535,Tracy Collins,Home Office,New York City,New York,United States
36834,US-2013-167472,07-06-2013,08-06-2013,First Class,CK-12595,Clytie Kelty,Consumer,Little Rock,Arkansas,United States
38414,CA-2011-143168,18-10-2011,23-10-2011,Second Class,IG-15085,Ivan Gibson,Consumer,Seattle,Washington,United States
47274,SA-2014-10,09-04-2014,13-04-2014,Standard Class,JW-6075,Julia West,Consumer,Riyadh,Ar Riyad,Saudi Arabia
5465,MX-2014-101980,17-04-2014,20-04-2014,Second Class,AA-10480,Andrew Allen,Consumer,San José de las Lajas,Mayabeque,Cuba
5596,MX-2013-134600,30-09-2013,02-10-2013,Second Class,SS-20410,Shahid Shariari,Consumer,Acayucan,Veracruz,Mexico
9309,MX-2014-162803,11-09-2014,12-09-2014,First Class,SL-20155,Sara Luxemburg,Home Office,Vespasiano,Minas Gerais,Brazil
10410,ES-2011-1406120,03-12-2011,03-12-2011,Same Day,LR-17035,Lisa Ryan,Corporate,Hamburg,Hamburg,Germany
31558,US-2014-155299,09-06-2014,13-06-2014,Standard Class,Dl-13600,Dorris liebe,Corporate,Pasadena,Texas,United States
37361,CA-2012-111780,25-12-2012,30-12-2012,Second Class,RA-19285,Ralph Arnett,Consumer,San Diego,California,United States
43818,NI-2011-4700,08-09-2011,10-09-2011,Second Class,PO-8865,Patrick O'Donnell,Consumer,Lagos,Lagos,Nigeria
46231,ZI-2011-4350,21-03-2011,26-03-2011,Standard Class,AS-285,Alejandro Savely,Corporate,Harare,Harare,Zimbabwe
46582,TU-2014-6730,29-11-2014,30-11-2014,First Class,KF-6285,Karen Ferguson,Home Office,Midyat,Mardin,Turkey
6039,MX-2014-169530,09-06-2014,11-06-2014,First Class,HG-15025,Hunter Glantz,Consumer,Bragança Paulista,São Paulo,Brazil
9922,MX-2012-100258,28-12-2012,31-12-2012,First Class,KM-16375,Katherine Murray,Home Office,Managua,Managua,Nicaragua
24105,IN-2014-72327,30-05-2014,30-05-2014,Same Day,KH-16330,Katharine Harms,Corporate,Lucknow,Uttar Pradesh,India
24175,IN-2014-57662,05-08-2014,10-08-2014,Standard Class,DB-13270,Deborah Brumfield,Home Office,Townsville,Queensland,Australia
29002,IN-2014-62366,19-06-2014,19-06-2014,Same Day,KE-16420,Katrina Edelman,Corporate,Kure,Hiroshima,Japan
35398,US-2014-102288,20-06-2014,24-06-2014,Standard Class,ZC-21910,Zuschuss Carroll,Consumer,Houston,Texas,United States
40470,US-2013-155768,02-12-2013,02-12-2013,Same Day,LB-16795,Laurel Beltran,Home Office,Oxnard,California,United States
9596,MX-2012-140767,18-02-2012,22-02-2012,Standard Class,RB-19795,Ross Baird,Home Office,Valinhos,São Paulo,Brazil
6147,MX-2012-134460,22-05-2012,26-05-2012,Second Class,MC-18100,Mick Crebagga,Consumer,Tipitapa,Managua,Nicaragua
